Date,Price,Open,High,Low,Vol.,Change %
03/22/2023,283.125,284.125,284.125,279.5,0.03K,0.73%
03/21/2023,281.06,284.5,284.5,279.63,0.02K,-0.06%
03/20/2023,281.22,278.25,284.625,278.25,0.05K,-0.10%
03/17/2023,281.5,282.875,283.375,278.13,0.02K,-0.53%
03/16/2023,283,282.875,283.375,278.75,0.02K,0.00%
03/15/2023,283,282.125,283.375,279.5,0.02K,2.30%
03/14/2023,276.65,282.125,282.45,278.63,0.02K,-1.79%
03/13/2023,281.7,277.25,282.475,277.25,0.02K,0.59%
03/10/2023,280.05,281,283.15,275.75,0.03K,0.92%
03/09/2023,277.5,279.125,284,275.75,0.05K,0.00%
03/08/2023,277.5,277.125,279.375,274.88,0.03K,0.36%
03/07/2023,276.5,276,278.25,272.5,0.02K,0.47%
03/06/2023,275.2,278.41,279.365,272.5,0.04K,-0.11%
03/03/2023,275.5,282.5,282.95,274.75,0.03K,-2.10%
03/02/2023,281.4,265.5,284,264.5,0.14K,7.82%
03/01/2023,261,262,267.14,260.735,0.03K,0.00%
02/28/2023,261,260.5,262.125,258.625,0.02K,0.58%
02/27/2023,259.5,260.125,260.6,257.75,0.01K,-0.08%
02/24/2023,259.7,260.75,262.875,257.95,0.02K,-1.07%
02/23/2023,262.5,261.375,262.875,258.725,0.02K,0.48%
02/22/2023,261.24,262.125,263,259.5,0.03K,-0.38%
02/21/2023,262.24,261.625,264.25,260.375,0.03K,0.28%
02/20/2023,261.5,261.5,262.875,259.815,0.03K,-0.28%
02/17/2023,262.24,263.5,266.15,260.5,0.03K,-1.12%
02/16/2023,265.22,266.15,266.98,262.25,0.03K,-0.20%
02/15/2023,265.75,267.25,267.5,262.75,0.04K,-0.47%
02/14/2023,267,269,269.725,264.5,0.03K,-0.84%
02/13/2023,269.25,267.38,270.25,267,0.02K,0.00%
02/10/2023,269.25,269,271.5,266.5,0.03K,0.00%
02/09/2023,269.25,274.25,274.5,269.5,0.01K,-1.75%
02/08/2023,274.05,272.5,276.4,271.5,0.02K,-0.67%
02/07/2023,275.9,274.5,276.5,274.5,0.01K,0.40%
02/06/2023,274.8,276.5,276.5,270.5,0.02K,0.12%
02/03/2023,274.46,270.25,275.5,270.25,0.01K,1.46%
02/02/2023,270.5,268.75,270.95,268.25,0.02K,1.50%
02/01/2023,266.5,265.25,268.78,265.25,0.01K,-0.37%
01/31/2023,267.5,270.25,270.5,266.75,0.02K,1.87%
01/30/2023,262.6,260.25,263.05,259.995,0.01K,-0.17%
01/27/2023,263.05,250.5,263.05,250.39,0.00K,5.01%
01/26/2023,250.5,231.775,250.5,231.125,0.41K,8.18%
01/25/2023,231.55,231.5,231.785,230.75,1.13K,0.24%
01/24/2023,231,231.375,231.52,230.15,1.08K,0.11%
01/23/2023,230.75,229.875,231.385,229.15,0.75K,0.44%
01/20/2023,229.75,229.925,230.175,229.5,1.25K,-0.04%
01/19/2023,229.85,229.625,229.935,228.875,0.70K,0.26%
01/18/2023,229.25,229.5,229.635,228.75,0.53K,0.11%
01/17/2023,229,228.875,229.51,228.525,0.55K,0.11%
01/16/2023,228.75,228.8,228.925,228.425,0.52K,0.07%
01/13/2023,228.6,228.665,228.925,228,0.48K,0.12%
01/12/2023,228.33,228.54,228.69,227.875,0.85K,0.11%
01/11/2023,228.08,228.54,228.565,227.875,0.64K,0.00%
01/10/2023,228.08,228.285,228.54,227.475,1.07K,0.22%
01/09/2023,227.57,228.225,228.295,227.35,0.69K,0.05%
01/06/2023,227.45,228.125,228.235,227,0.53K,0.09%
01/05/2023,227.25,226.95,228.125,226.875,0.48K,0.42%
01/04/2023,226.29,226.9,227.22,226.645,0.01K,-0.09%
01/03/2023,226.5,226.7,227.15,226.45,0.42K,0.04%
01/02/2023,226.4,226.7,226.7,226.7,,0.00%
12/30/2022,226.4,226.7,226.865,226.25,0.47K,0.00%
12/29/2022,226.4,226.75,226.76,225.75,0.54K,-0.04%
12/28/2022,226.5,226.625,226.825,225.875,0.53K,0.11%
12/27/2022,226.25,226.375,226.635,225.75,0.51K,0.22%
12/26/2022,225.75,226.375,226.375,225.475,0.36K,0.00%
12/23/2022,225.75,226.25,226.385,225.375,0.54K,0.11%
12/22/2022,225.5,226.25,226.26,225.25,0.50K,0.00%
12/21/2022,225.5,226.125,226.26,225,0.56K,0.11%
12/20/2022,225.25,224.9,226.175,224.725,0.29K,0.33%
12/19/2022,224.5,224.875,225.25,224.675,0.01K,0.00%
12/16/2022,224.5,224.875,225.225,224.5,0.36K,-0.11%
12/15/2022,224.75,224.875,225.15,224.5,0.88K,0.00%
12/14/2022,224.75,224.875,225.125,224.625,0.73K,0.00%
12/13/2022,224.75,224.875,225.125,224.45,0.79K,0.00%
12/12/2022,224.75,224,224.885,224,0.52K,0.11%
12/09/2022,224.5,224.75,224.8,223.375,1.04K,0.00%
12/08/2022,224.5,224.625,224.76,223.625,1.09K,0.11%
12/07/2022,224.25,224.625,224.635,223.625,0.79K,0.00%
12/06/2022,224.25,224.5,224.645,223.625,1.09K,0.11%
12/05/2022,224,224.325,224.52,223.5,0.76K,0.16%
12/02/2022,223.65,224.625,224.7,223.375,1.01K,-0.27%
12/01/2022,224.25,224.75,224.825,223.35,0.97K,-0.11%
11/30/2022,224.5,224.625,224.76,223.75,0.96K,0.11%
11/29/2022,224.25,224.5,224.635,223.75,1.03K,0.11%
11/28/2022,224,224.625,224.635,223.5,0.65K,-0.11%
11/25/2022,224.25,224.45,224.635,223.5,1.10K,0.16%
11/24/2022,223.9,224.4,224.45,223.75,1.06K,0.04%
11/23/2022,223.8,224.375,224.41,223.25,1.10K,0.02%
11/22/2022,223.75,224.5,224.525,223.2,0.97K,-0.11%
11/21/2022,224,224.25,224.525,222.375,0.63K,0.22%
11/18/2022,223.5,222.625,224.26,222.375,0.72K,0.68%
11/17/2022,222,222.25,222.725,221.85,0.02K,-0.02%
11/16/2022,222.05,221.5,222.475,221.5,0.01K,0.27%
11/15/2022,221.45,221.55,222.15,221.325,0.02K,0.20%
11/14/2022,221,221.625,221.825,221.325,0.02K,-0.05%
11/11/2022,221.11,221.25,221.83,221.25,0.01K,0.04%
11/10/2022,221.03,221.625,221.75,221.25,0.01K,0.01%
11/09/2022,221,221.635,221.645,221.5,0.00K,-0.05%
11/08/2022,221.1,221.5,221.75,221.3,0.01K,0.05%
11/07/2022,221,222.125,222.125,221.3,0.02K,0.00%
11/04/2022,221,221.625,222.2,221.375,0.02K,-0.21%
11/03/2022,221.46,221.375,221.975,221.25,0.02K,0.21%
11/02/2022,221,220.25,221.625,220.25,0.01K,0.41%
11/01/2022,220.1,220.25,220.95,220,0.03K,0.05%
10/31/2022,220,222.125,222.25,220.125,0.04K,-0.45%
10/28/2022,221,221.125,222.125,220.755,0.01K,0.00%
10/27/2022,221,220.75,221.575,220.25,0.01K,0.91%
10/26/2022,219,219.5,220.95,219.325,0.02K,-0.68%
10/25/2022,220.5,220,221.025,219.075,0.04K,0.00%
10/24/2022,220.5,220.875,221.15,220.25,0.02K,-0.09%
10/21/2022,220.7,220.75,221.025,220.55,0.01K,-0.02%
10/20/2022,220.75,220.875,221.16,220.64,0.02K,0.11%
10/19/2022,220.5,219.625,221.125,219.575,0.02K,0.50%
10/18/2022,219.4,219.75,219.77,218.75,0.64K,-0.05%
10/17/2022,219.5,219.5,219.76,218.3,0.67K,0.23%
10/14/2022,219,219.375,219.51,217.75,1.10K,0.11%
10/13/2022,218.75,217.625,219.375,217,0.41K,0.57%
10/12/2022,217.5,216.5,217.975,216.5,0.03K,0.32%
10/11/2022,216.8,217,217.85,216.5,0.06K,-0.28%
10/10/2022,217.4,219.015,221.9,217.45,0.07K,-1.81%
10/07/2022,221.4,220.875,221.9,219.475,0.03K,0.00%
10/06/2022,221.4,223.375,223.5,220.75,0.03K,-0.61%
10/05/2022,222.75,225.375,227.25,223,0.04K,-2.73%
10/04/2022,229,226.25,229.5,224.75,0.02K,0.00%
10/03/2022,229,228.125,229.5,227,0.03K,0.59%
09/30/2022,227.65,228,231.54,227.25,0.03K,-0.59%
09/29/2022,229,231.875,232.075,228.885,0.04K,-1.08%
09/28/2022,231.5,233.5,235.655,230.75,0.02K,-2.07%
09/27/2022,236.4,236.875,239.5,233.25,0.03K,-1.09%
09/26/2022,239,239.625,239.75,235.5,0.03K,-0.17%
09/23/2022,239.4,239.625,239.9,239.13,0.01K,0.17%
09/22/2022,239,239.625,239.875,238.15,0.01K,0.50%
09/21/2022,237.8,238.875,239.875,238.15,0.02K,-0.29%
09/20/2022,238.5,239.75,239.76,238.15,0.71K,-0.42%
09/19/2022,239.5,239.125,239.76,236.75,0.78K,0.52%
09/16/2022,238.25,235.625,239.125,235.625,0.42K,1.08%
09/15/2022,235.7,234.2,237.25,233.5,0.14K,0.83%
09/14/2022,233.75,234.3,235.26,231.36,0.36K,0.06%
09/13/2022,233.6,231.5,234.3,229.875,1.09K,1.13%
09/12/2022,231,229.875,231.51,228.125,0.58K,0.54%
09/09/2022,229.75,225.375,229.875,224.525,0.42K,3.03%
09/08/2022,223,224.625,225.535,222.25,0.49K,-0.56%
09/07/2022,224.25,222.5,224.635,220.5,0.83K,1.01%
09/06/2022,222,219.25,222.51,219.15,0.31K,1.24%
09/05/2022,219.28,218.875,219.76,218.25,0.02K,0.22%
09/02/2022,218.8,217.25,219.3,217,0.03K,0.51%
09/01/2022,217.7,218.625,218.85,216.25,0.03K,-0.25%
08/31/2022,218.25,219.975,222.4,218,0.02K,-0.66%
08/30/2022,219.7,222.75,222.75,219.25,0.37K,-1.26%
08/29/2022,222.5,220.625,222.76,219.75,0.36K,1.00%
08/26/2022,220.3,219.625,220.75,218.75,0.01K,1.94%
08/25/2022,216.1,219.5,219.76,214.5,0.69K,-1.32%
08/24/2022,219,217.125,220.125,215.75,0.68K,1.01%
08/23/2022,216.8,216.125,217.5,216.125,0.02K,0.23%
08/22/2022,216.3,214.625,216.65,214.625,0.02K,0.84%
08/19/2022,214.5,214,215.75,214,0.02K,-0.07%
08/18/2022,214.65,214.25,215.225,214.25,0.02K,0.30%
08/17/2022,214,213.615,215.02,213,0.02K,0.28%
08/16/2022,213.4,212.25,214.05,211.75,0.04K,-0.09%
08/15/2022,213.59,214.25,215.625,211.25,0.04K,-2.60%
08/12/2022,219.3,217,219.55,214.25,0.03K,0.00%
08/11/2022,219.3,221.55,221.875,216.25,0.06K,-2.16%
08/10/2022,224.15,223.625,224.45,220.25,0.02K,0.00%
08/09/2022,224.15,224.3,224.45,224.265,0.01K,0.04%
08/08/2022,224.05,224.4,224.4,224.35,0.00K,0.08%
08/05/2022,223.88,226.125,226.125,221.25,0.04K,-0.67%
08/04/2022,225.4,228.625,228.775,222.625,0.04K,-1.25%
08/03/2022,228.25,238.44,238.44,224.75,0.07K,-4.20%
08/02/2022,238.25,238.25,240.15,237.95,0.03K,-0.40%
08/01/2022,239.2,238.75,240.425,238.38,0.03K,-0.19%
07/29/2022,239.66,239.625,240.425,238.75,0.02K,-0.02%
07/28/2022,239.7,235.875,240.15,235.75,0.01K,1.89%
07/27/2022,235.25,232.75,236.635,232.75,0.08K,1.27%
07/26/2022,232.29,230.125,233.5,228.55,0.03K,1.11%
07/25/2022,229.75,227.75,230.375,227.75,0.02K,0.77%
07/22/2022,228,226.5,229.125,226.25,0.03K,0.44%
07/21/2022,227,225.125,229.125,224.25,0.04K,1.00%
07/20/2022,224.75,221.875,226.25,221.875,0.02K,1.47%
07/19/2022,221.5,216.25,223.1,214.75,0.48K,2.78%
07/18/2022,215.5,210.875,216.26,209.75,0.36K,2.28%
07/15/2022,210.7,209.875,210.875,208.5,0.01K,0.62%
07/14/2022,209.4,210.875,210.875,208.15,0.02K,-0.28%
07/13/2022,209.99,207.875,210.875,207.5,0.01K,1.51%
07/11/2022,206.86,207.505,207.525,207.405,0.00K,-0.10%
07/08/2022,207.06,207.755,207.755,207.495,0.00K,-0.01%
07/07/2022,207.09,207.25,208.375,207.15,0.03K,-0.10%
07/06/2022,207.29,206.625,207.995,206.1,0.12K,0.38%
07/05/2022,206.5,204.35,206.625,204.35,0.01K,0.98%
07/04/2022,204.5,204.725,204.725,204,0.02K,0.00%
06/30/2022,204.5,205.025,205.2,203.55,0.05K,-0.07%
06/29/2022,204.65,206.875,206.875,204.5,0.04K,-0.92%
06/28/2022,206.54,207.75,207.875,205.75,0.04K,-0.10%
06/27/2022,206.75,207.625,207.85,206.65,0.04K,-0.60%
06/24/2022,208,207.625,208.35,206.875,0.03K,-0.19%
06/23/2022,208.4,211.625,211.74,205.85,0.06K,-1.35%
06/22/2022,211.25,212.25,212.27,208.75,0.41K,-0.12%
06/21/2022,211.5,210.19,212.27,209.145,1.06K,1.01%
06/20/2022,209.38,209.25,210.5,208.15,0.64K,0.42%
06/17/2022,208.5,209.125,209.385,207.15,0.55K,0.12%
06/16/2022,208.25,207.25,209.135,205.7,0.94K,0.85%
06/15/2022,206.5,206.375,207.25,204.85,1.05K,0.36%
06/14/2022,205.75,204.25,206.385,202.25,0.88K,1.11%
06/13/2022,203.5,201.375,204.41,201.375,0.36K,0.94%
06/10/2022,201.6,201.125,202.25,199.25,0.02K,0.05%
06/09/2022,201.5,201.375,202.06,199.85,0.02K,0.75%
06/08/2022,200,202.625,202.7,199.75,0.04K,-1.11%
06/07/2022,202.25,200.375,203.25,199.95,0.08K,1.23%
06/06/2022,199.8,197.45,200.395,197.45,0.03K,1.22%
06/03/2022,197.4,197.25,197.76,197.15,0.01K,0.10%
06/02/2022,197.2,197.85,197.925,197.15,0.03K,-0.15%
06/01/2022,197.5,198.15,198.525,197.25,0.02K,-0.60%
05/31/2022,198.7,198.875,199.125,198.15,0.02K,0.05%
05/30/2022,198.6,199.875,199.875,197.9,0.02K,-0.58%
05/27/2022,199.75,202.625,202.625,199.18,0.19K,-1.24%
05/26/2022,202.25,201.875,202.645,201.15,0.71K,0.12%
05/25/2022,202,201.35,202.51,200.75,0.36K,0.95%
05/24/2022,200.1,200.625,201.36,199.65,0.03K,-0.15%
05/23/2022,200.4,200.05,201.21,199.5,0.02K,0.15%
05/20/2022,200.1,199.825,201.255,199.25,0.11K,0.20%
05/19/2022,199.7,198.45,201.22,198.15,0.17K,1.11%
05/18/2022,197.5,196.75,198.67,195.825,0.69K,0.51%
05/17/2022,196.5,193.55,196.76,193.25,0.51K,1.66%
05/16/2022,193.3,192.65,194.51,192.15,0.07K,0.29%
05/13/2022,192.75,192.4,193.51,190.75,1.04K,0.44%
05/12/2022,191.9,190.75,192.4,189.25,1.04K,0.73%
05/11/2022,190.5,189.45,190.76,188.25,1.08K,0.82%
05/10/2022,188.95,188.3,189.45,187,1.06K,0.72%
05/09/2022,187.6,186.525,188.31,185.85,0.60K,0.84%
05/06/2022,186.03,185.75,186.545,185.25,0.02K,0.34%
05/05/2022,185.4,185.7,185.76,185.61,0.00K,0.10%
05/04/2022,185.22,185.65,185.66,185.65,0.00K,-0.10%
05/03/2022,185.4,185.7,185.75,185.57,0.00K,0.00%
05/02/2022,185.4,185.65,185.75,185.65,0.00K,0.00%
04/30/2022,185.4,185.7,185.7,185.7,,0.00%
04/29/2022,185.4,185.5,185.855,185.25,0.02K,0.06%
04/28/2022,185.29,185.375,185.97,184.95,0.03K,-0.02%
04/27/2022,185.32,185.65,185.675,185.2,0.02K,-0.34%
04/26/2022,185.95,185.875,186.275,185.375,0.01K,0.13%
04/25/2022,185.7,186.15,187.665,185.15,0.03K,-0.81%
04/22/2022,187.21,186.925,187.76,186.215,0.03K,0.30%
04/21/2022,186.65,186.125,187.1,185.65,0.01K,0.57%
04/20/2022,185.6,184.65,186.2,183.9,0.03K,1.42%
04/19/2022,183,182.375,184.65,181.75,0.02K,0.61%
04/18/2022,181.89,181.775,182.395,181.2,0.02K,0.49%
04/16/2022,181,181.25,181.25,181.25,,-0.28%
04/15/2022,181.5,181.45,182.075,180.975,0.02K,0.48%
04/14/2022,180.64,181.875,181.875,180.75,0.03K,-0.34%
04/13/2022,181.25,181.85,182.05,181.25,0.02K,-0.20%
04/12/2022,181.62,182.95,183.37,181,0.03K,-0.66%
04/11/2022,182.82,184.6,184.6,182.2,0.03K,-0.64%
04/08/2022,184,188.5,188.6,184.35,0.66K,-2.13%
04/07/2022,188,186.525,189.025,185.9,1.38K,1.05%
04/06/2022,186.05,185.55,186.535,185.1,1.16K,0.51%
04/05/2022,185.1,184.1,185.595,183.82,0.94K,1.04%
04/04/2022,183.2,183.85,184.47,183.55,0.10K,-0.38%
04/01/2022,183.9,184.2,184.61,182.42,0.51K,0.27%
03/31/2022,183.4,182.7,184.2,182.5,0.72K,0.55%
03/30/2022,182.4,182.6,182.75,182.075,1.04K,0.11%
03/29/2022,182.2,182.55,182.625,181.9,1.07K,0.05%
03/28/2022,182.1,182.2,182.585,181.55,0.63K,0.22%
03/25/2022,181.7,182.15,182.235,181.4,0.53K,0.06%
03/24/2022,181.6,182.2,182.21,181.325,0.80K,-0.06%
03/23/2022,181.7,182.2,182.2,181.35,0.99K,0.00%
03/22/2022,181.7,181.575,182.2,180.975,1.10K,0.30%
03/21/2022,181.15,180.3,181.625,180.25,0.48K,0.36%
03/18/2022,180.5,179.775,180.775,179.55,1.06K,0.53%
03/17/2022,179.55,179.65,180.1,179.4,1.04K,0.14%
03/16/2022,179.3,179.575,179.7,178.625,1.09K,0.08%
03/15/2022,179.15,179.5,179.585,178.75,0.71K,0.08%
03/14/2022,179,178.35,179.51,177.315,0.58K,0.36%
03/11/2022,178.35,179.25,179.285,178.35,1.05K,-0.08%
03/10/2022,178.5,179.25,179.25,178.4,1.01K,0.00%
03/09/2022,178.5,179.25,179.26,178.4,1.08K,0.00%
03/08/2022,178.5,178.125,179.26,178.04,0.73K,0.39%
03/07/2022,177.8,177.15,178.26,177.15,0.02K,0.31%
03/04/2022,177.25,178.25,178.335,177.05,1.14K,-0.14%
03/03/2022,177.5,177.675,178.385,177.35,1.12K,0.08%
03/02/2022,177.35,177.625,177.76,177.36,0.93K,0.06%
03/01/2022,177.25,177.625,177.71,177.025,0.45K,0.00%
02/28/2022,177.25,176.8,177.635,176.125,0.81K,0.25%
02/25/2022,176.8,176.75,177.56,175.25,0.53K,0.17%
02/24/2022,176.5,176.5,176.825,175.9,0.56K,0.28%
02/23/2022,176,176.5,176.55,175.8,0.43K,0.00%
02/22/2022,176,176.3,176.56,175.55,0.54K,0.23%
02/21/2022,175.6,175.5,176.4,175.35,0.32K,0.00%
02/18/2022,175.6,176.1,176.41,175.25,0.38K,0.23%
02/17/2022,175.2,176.25,176.26,174.99,0.86K,-0.17%
02/16/2022,175.5,176.4,176.41,175.4,0.65K,-0.17%
02/15/2022,175.8,176.375,176.41,174.35,0.53K,0.03%
02/14/2022,175.75,174.45,176.385,174.375,0.22K,0.72%
02/11/2022,174.5,174.85,175.035,174.375,0.06K,-0.23%
02/10/2022,174.9,175.15,175.325,174.55,0.05K,0.43%
02/09/2022,174.15,174.425,175.185,174.15,0.05K,0.09%
02/08/2022,174,174.525,174.65,174.125,0.05K,-0.16%
02/07/2022,174.28,174.475,174.835,174.15,0.04K,0.09%
02/04/2022,174.13,175.45,175.45,173.75,0.07K,-0.84%
02/03/2022,175.6,176.25,176.585,174.875,0.22K,-0.21%
02/02/2022,175.97,176.475,176.81,176,0.02K,-0.02%
02/01/2022,176,176.675,176.675,175.89,0.06K,-0.18%
01/31/2022,176.32,176.5,177.085,176.375,0.02K,-0.10%
01/28/2022,176.5,176.975,177.125,176.535,0.02K,-0.06%
01/27/2022,176.6,176.9,178.05,176.575,0.13K,-0.06%
01/26/2022,176.7,176.5,179.055,176.225,0.03K,0.28%
01/25/2022,176.2,176.385,176.8,176.17,0.02K,0.15%
01/24/2022,175.94,176,176.595,175.875,0.02K,-0.03%
01/21/2022,176,176.5,176.6,176.075,0.03K,-0.14%
01/20/2022,176.25,176.25,176.685,176.075,0.02K,0.16%
01/19/2022,175.97,176.15,176.41,175.915,0.03K,0.26%
01/18/2022,175.52,176,176.47,175.745,0.02K,-0.22%
01/17/2022,175.9,176.15,176.15,175.85,0.01K,0.09%
01/14/2022,175.75,176.4,176.4,175.775,0.02K,-0.14%
01/13/2022,176,176.25,176.6,176,0.02K,0.06%
01/12/2022,175.9,176.55,176.835,175.875,0.04K,-0.27%
01/11/2022,176.37,176.725,176.86,176.425,0.02K,0.04%
01/10/2022,176.3,176.75,176.8,176.35,0.02K,-0.14%
01/07/2022,176.55,176.6,177.2,176.075,0.03K,-0.06%
01/06/2022,176.65,176.625,177.225,176.385,0.01K,0.20%
01/05/2022,176.3,176.75,177.95,176.35,0.02K,0.03%
01/04/2022,176.25,176.525,176.85,176.1,0.03K,-0.01%
01/03/2022,176.27,176.445,176.645,176.31,0.00K,0.27%
12/31/2021,175.8,177.55,177.55,176.03,0.02K,-1.18%
12/30/2021,177.9,178.575,178.61,176.8,0.37K,-0.14%
12/29/2021,178.15,178.65,178.66,177.925,0.60K,-0.08%
12/28/2021,178.3,178.525,178.66,177.9,1.13K,0.14%
12/27/2021,178.05,177.78,178.635,177.69,0.64K,-0.11%
12/24/2021,178.25,178.5,178.625,177.875,0.91K,0.14%
12/23/2021,178,178.65,178.66,177.9,0.54K,-0.17%
12/22/2021,178.3,178.575,178.66,177.875,0.56K,0.08%
12/21/2021,178.15,178.225,178.585,177.75,0.17K,0.11%
12/20/2021,177.95,177.7,178.31,177.575,0.54K,-0.08%
12/17/2021,178.1,178.2,178.31,177.7,1.17K,0.11%
12/16/2021,177.9,178.175,178.245,177.75,1.00K,0.03%
12/15/2021,177.85,178.075,178.225,177.675,1.03K,0.03%
12/14/2021,177.8,178.15,178.225,177.4,0.66K,0.00%
12/13/2021,177.8,177.3,178.21,177.25,0.53K,0.17%
12/10/2021,177.5,177.525,178.225,177.185,0.56K,0.25%
12/09/2021,177.05,177.575,178.1,176.925,0.86K,-0.06%
12/08/2021,177.15,176.75,177.71,176.5,1.12K,0.37%
12/07/2021,176.5,176.75,177.025,176.29,1.04K,0.00%
12/06/2021,176.5,176.2,176.76,174.95,0.77K,0.09%
12/03/2021,176.35,176.75,177.05,176.225,1.18K,-0.08%
12/02/2021,176.5,175.3,176.76,175.3,0.80K,0.87%
12/01/2021,174.98,176.1,176.1,174.8,0.05K,-0.42%
11/30/2021,175.72,176.5,176.575,174.6,0.38K,-0.16%
11/29/2021,176,176.15,176.66,175.1,0.67K,0.40%
11/26/2021,175.3,175.555,176.735,174.5,1.13K,0.11%
11/25/2021,175.11,175.65,175.65,174.6,1.11K,-0.11%
11/24/2021,175.3,175.275,175.66,174.05,0.74K,0.43%
11/23/2021,174.55,175.25,175.285,173.45,0.65K,0.03%
11/22/2021,174.5,174.85,175.46,171.3,0.37K,-0.13%
11/19/2021,174.73,175.2,175.45,173.08,0.33K,0.19%
11/18/2021,174.4,175.125,175.21,173.25,0.74K,0.09%
11/17/2021,174.25,173.75,175.385,173,0.74K,0.00%
11/16/2021,174.25,175.1,175.55,173.55,0.52K,0.03%
11/15/2021,174.2,175.625,175.75,173.75,0.99K,-0.60%
11/12/2021,175.25,173.75,175.775,172.775,0.29K,1.01%
11/11/2021,173.5,172.45,174.15,172.45,0.03K,0.73%
11/10/2021,172.25,171.25,173,171.25,0.03K,0.77%
11/09/2021,170.93,170.25,171.95,170.25,0.04K,0.67%
11/08/2021,169.8,169.78,170.675,169.74,0.03K,0.12%
11/05/2021,169.6,170.075,170.18,169.45,0.02K,0.01%
11/04/2021,169.58,169.7,170.6,169.4,0.03K,0.02%
11/03/2021,169.54,170.15,170.445,169.19,0.02K,-0.20%
11/02/2021,169.88,170.95,171.93,169.7,0.05K,-0.79%
11/01/2021,171.24,171.4,172.045,170.45,0.04K,-0.18%
10/30/2021,171.55,171.7,171.7,171.7,,0.69%
10/29/2021,170.38,171.95,172.185,170.865,0.03K,-0.80%
10/28/2021,171.75,173.225,173.235,171.4,0.05K,-1.15%
10/27/2021,173.75,175.3,175.525,172.45,0.43K,-0.49%
10/26/2021,174.6,174.65,175.535,174.2,0.69K,0.17%
10/25/2021,174.3,173.78,174.66,173.5,0.43K,0.20%
10/22/2021,173.95,173.6,174.56,173.2,0.91K,0.43%
10/21/2021,173.2,173.6,174.075,172.4,0.61K,0.00%
10/20/2021,173.2,172.625,173.67,172.35,0.71K,0.55%
10/19/2021,172.25,172.5,172.655,172.29,0.77K,0.15%
10/18/2021,172,170.5,173.15,170.5,0.56K,0.58%
10/15/2021,171,171.25,171.315,170.35,0.53K,0.00%
10/14/2021,171,171.125,171.325,170.5,0.56K,0.15%
10/13/2021,170.75,171.25,171.35,170.35,0.40K,-0.15%
10/12/2021,171,171.075,171.325,170.075,0.56K,0.21%
10/11/2021,170.65,170.875,171.075,169.95,0.50K,0.23%
10/08/2021,170.25,170.875,171.09,169.7,0.51K,0.00%
10/07/2021,170.25,171.125,171.19,169.95,0.56K,-0.29%
10/06/2021,170.75,171,171.215,170.29,0.59K,0.15%
10/05/2021,170.5,171,171.05,170.3,0.42K,0.06%
10/04/2021,170.4,170.625,171.065,170.075,0.33K,0.38%
10/01/2021,169.75,171,171.015,169.65,0.57K,-0.44%
09/30/2021,170.5,170.875,171.065,169.75,0.60K,0.15%
09/29/2021,170.25,170.3,171.005,169.565,0.58K,0.38%
09/28/2021,169.6,169.7,170.465,169.3,0.58K,0.12%
09/27/2021,169.4,169.45,169.845,168.725,0.55K,0.30%
09/24/2021,168.9,169.4,169.54,168.69,1.15K,0.06%
09/23/2021,168.8,169.125,169.455,168.19,1.12K,0.33%
09/22/2021,168.25,169.15,169.28,167.9,0.95K,-0.03%
09/21/2021,168.3,169.25,169.25,168.14,1.13K,-0.12%
09/20/2021,168.5,168.15,169.34,167.675,0.54K,0.62%
09/17/2021,167.46,168.15,168.215,167.2,0.02K,-0.02%
09/16/2021,167.5,169.625,169.625,166.8,0.49K,-1.03%
09/15/2021,169.25,168.2,169.69,168.2,1.17K,0.80%
09/14/2021,167.9,168.2,168.95,167.905,1.13K,0.00%
09/13/2021,167.9,167.73,168.315,167.45,0.60K,0.00%
09/11/2021,167.9,168.025,168.025,168.025,,0.00%
09/10/2021,167.9,168,168.215,167.115,1.18K,0.24%
09/09/2021,167.5,167.75,168.015,166.75,0.87K,0.30%
09/08/2021,167,168,168.04,166.55,0.86K,-0.30%
09/07/2021,167.5,167.1,168.055,166.895,0.83K,0.48%
09/06/2021,166.7,166.85,167.25,165.625,0.40K,0.12%
09/03/2021,166.5,167.26,167.26,166.4,1.10K,-0.31%
09/02/2021,167.02,167,167.315,166.125,0.81K,0.31%
09/01/2021,166.5,166.875,167.155,166.25,1.07K,0.15%
08/31/2021,166.25,165.8,166.89,165.525,0.67K,0.79%
08/30/2021,164.94,166.6,166.7,165.18,0.40K,-0.46%
08/27/2021,165.7,166.75,166.75,165.5,1.03K,-0.18%
08/26/2021,166,165.875,166.865,165.275,1.08K,0.15%
08/25/2021,165.75,165.375,166.325,164.85,1.13K,0.61%
08/24/2021,164.75,164.6,165.555,164.15,1.12K,0.33%
08/23/2021,164.2,164.525,164.675,163.75,0.66K,0.09%
08/20/2021,164.05,164.3,164.54,163.75,0.92K,0.28%
08/19/2021,163.6,164.3,164.465,163.835,1.04K,0.00%
08/18/2021,163.6,164.3,164.485,163.965,1.02K,0.00%
08/17/2021,163.6,164.55,164.58,163.58,1.17K,-0.30%
08/16/2021,164.1,164.3,164.565,163.56,0.65K,0.31%
08/13/2021,163.6,164.3,164.565,163.125,0.39K,0.00%
08/12/2021,163.6,164.425,164.48,163.05,0.61K,-0.15%
08/11/2021,163.85,164.25,164.525,163.285,0.26K,0.21%
08/10/2021,163.5,164.375,164.44,163.1,0.80K,-0.15%
08/09/2021,163.75,163.2,164.455,163.125,0.48K,0.40%
08/06/2021,163.1,164.2,164.2,162.525,0.22K,-0.18%
08/05/2021,163.4,163.3,164.255,161.95,0.32K,-0.06%
08/04/2021,163.5,163.8,164.45,162.95,0.20K,0.52%
08/03/2021,162.65,163.625,164.6,162.1,0.70K,-0.37%
08/02/2021,163.25,162.375,163.875,161.375,0.45K,0.93%
07/30/2021,161.75,162.25,162.73,161.575,0.54K,0.15%
07/29/2021,161.5,162.25,162.405,160.9,0.86K,0.00%
07/28/2021,161.5,161,162.415,160.95,0.24K,0.31%
07/27/2021,161,161.4,162.125,159.8,0.29K,0.00%
07/26/2021,161,162.375,162.6,160.05,0.23K,-0.28%
07/23/2021,161.46,160.85,162.43,160.69,0.54K,0.47%
07/22/2021,160.7,160.85,160.96,159.555,0.78K,0.00%
07/21/2021,160.7,160.85,160.975,160.8,0.72K,0.00%
07/20/2021,160.7,160.85,160.95,160.825,0.94K,0.00%
07/19/2021,160.7,159.5,161.575,159.35,1.13K,1.07%
07/18/2021,159,159.5,159.5,159.5,,0.00%
07/16/2021,159,159.5,160,158.95,0.49K,0.00%
07/15/2021,159,159.25,159.5,158.45,0.73K,0.32%
07/14/2021,158.5,159.5,159.675,158.625,0.92K,-0.31%
07/13/2021,159,159.7,159.7,159.075,1.15K,-0.25%
07/12/2021,159.4,159.45,159.885,158.8,0.65K,0.28%
07/11/2021,158.95,159.125,159.125,159.125,,0.03%
07/09/2021,158.9,159.5,159.77,158.55,1.13K,-0.06%
07/08/2021,159,159.15,159.815,158.365,1.11K,0.44%
07/07/2021,158.3,158.275,159.44,157.85,0.65K,0.16%
07/06/2021,158.05,158.15,159.175,157.775,0.19K,0.23%
07/05/2021,157.68,157.85,158.32,157.5,0.02K,0.11%
07/02/2021,157.5,157.575,157.94,157.27,0.03K,-0.19%
07/01/2021,157.8,158.055,158.495,157.785,0.01K,0.17%
06/30/2021,157.53,157.5,158.35,156.8,0.05K,-0.36%
06/29/2021,158.1,157.875,159.125,157.275,0.48K,0.22%
06/28/2021,157.75,157.3,158.45,157.275,0.64K,0.19%
06/26/2021,157.45,157.6,157.6,157.6,,-0.10%
06/25/2021,157.6,157.8,158.45,157.125,0.38K,0.00%
06/24/2021,157.6,157.9,158.45,157.075,0.54K,-0.13%
06/23/2021,157.8,157.875,158.725,157.585,0.42K,0.03%
06/22/2021,157.75,157.5,158.35,157.125,0.75K,0.48%
06/21/2021,157,157.25,157.895,156.55,0.60K,0.87%
06/20/2021,155.65,156.05,156.05,156.05,,-0.54%
06/18/2021,156.5,157.325,157.48,155.95,1.01K,-0.10%
06/17/2021,156.65,157.25,157.515,155.95,0.88K,0.10%
06/16/2021,156.5,157.125,157.515,156.275,1.02K,0.16%
06/15/2021,156.25,155.875,157.315,155.76,0.77K,0.32%
06/14/2021,155.75,155.875,156.225,155.575,0.55K,0.58%
06/13/2021,154.85,155.25,155.25,155.25,,-0.58%
06/11/2021,155.75,155.75,156.08,155.07,0.49K,0.16%
06/10/2021,155.5,155.575,155.875,155.35,0.62K,0.10%
06/09/2021,155.35,155.5,156.15,155.15,0.08K,0.10%
06/08/2021,155.19,155.25,156.01,154.7,0.66K,0.45%
06/07/2021,154.5,155.15,155.725,154.375,0.33K,0.13%
06/04/2021,154.3,155.125,155.41,154.25,0.79K,0.03%
06/03/2021,154.25,155.125,155.39,154.3,0.68K,0.00%
06/02/2021,154.25,155.125,155.275,154.175,1.07K,0.00%
06/01/2021,154.25,154.15,155.225,153.975,0.70K,1.13%
05/31/2021,152.52,154.5,154.5,153.375,0.01K,-1.15%
05/28/2021,154.3,155.25,155.5,154,0.78K,-0.13%
05/27/2021,154.5,155.25,155.59,154.3,1.28K,0.00%
05/26/2021,154.5,154.2,155.34,153.915,0.83K,0.32%
05/25/2021,154,153.975,155.175,152.7,0.18K,0.74%
05/24/2021,152.87,153.425,154.245,152.965,0.03K,0.10%
05/21/2021,152.72,153.5,153.58,153.06,0.02K,-0.18%
05/20/2021,153,153.2,153.665,152.7,0.03K,0.10%
05/19/2021,152.85,152.925,153.3,152.7,0.04K,0.36%
05/18/2021,152.3,152.675,152.94,152.575,0.02K,0.07%
05/17/2021,152.2,152.375,152.92,152.115,0.01K,0.00%
05/15/2021,152.2,152.375,152.375,152.375,,0.33%
05/14/2021,151.7,152.225,152.48,151.75,0.01K,-0.13%
05/13/2021,151.9,151.935,152.405,151.78,0.00K,0.56%
05/12/2021,151.05,152,152.015,151.9,0.00K,-0.20%
05/11/2021,151.35,152.275,154.05,151.925,0.01K,-0.16%
05/10/2021,151.6,152.315,154.05,151.96,0.01K,-0.05%
05/09/2021,151.68,152.08,152.08,152.08,,-0.16%
05/07/2021,151.92,152.7,154.05,151.525,0.04K,-0.35%
05/06/2021,152.45,153.075,154.05,152.05,0.04K,0.00%
05/05/2021,152.45,153.25,154.05,152.375,0.05K,-0.42%
05/04/2021,153.1,153,154.05,152.595,0.04K,0.16%
05/03/2021,152.85,153.25,154.05,152.675,0.05K,0.07%
05/02/2021,152.75,153.15,153.15,153.15,,-0.15%
04/30/2021,152.98,153.45,154.05,153.055,0.03K,-0.01%
04/29/2021,153,154.225,154.225,153.125,0.02K,-0.62%
04/28/2021,153.95,154.475,155.19,152.9,0.05K,-0.03%
04/27/2021,154,153.925,155.19,153.9,0.84K,0.10%
04/26/2021,153.85,153.625,154.175,153.075,0.71K,0.44%
04/25/2021,153.18,153.58,153.58,153.58,,-0.34%
04/24/2021,153.7,153.875,153.875,153.875,,0.29%
04/23/2021,153.25,153.6,154,152.925,0.67K,0.03%
04/22/2021,153.2,153.25,153.69,152.75,0.70K,0.46%
04/21/2021,152.5,153.3,153.565,152.58,1.14K,-0.07%
04/20/2021,152.6,153.3,153.415,152.575,1.24K,0.00%
04/19/2021,152.6,153.25,153.415,152.55,0.76K,0.07%
04/16/2021,152.5,152.975,153.415,151.95,0.88K,-0.03%
04/15/2021,152.55,152.975,152.975,152.45,0.01K,-0.03%
04/14/2021,152.6,152.85,152.875,152.825,0.00K,0.03%
04/13/2021,152.55,152.725,153.125,152,0.03K,-0.03%
04/12/2021,152.6,152.775,153.2,151.945,0.04K,0.27%
04/09/2021,152.19,152.975,153.045,151.95,0.02K,0.09%
04/08/2021,152.06,153.075,153.225,152.4,0.02K,-0.15%
04/07/2021,152.29,153.175,153.315,152.33,0.07K,-0.26%
04/06/2021,152.69,153.575,153.575,152.725,0.05K,0.39%
04/05/2021,152.09,153.1,153.84,152.645,0.03K,-0.56%
04/02/2021,152.94,152.71,153.74,152.405,0.03K,0.80%
04/01/2021,151.72,152.825,153.2,151.975,0.06K,-0.39%
03/31/2021,152.32,153.15,153.25,151.2,0.06K,-0.28%
03/30/2021,152.75,154.025,154.25,152.69,0.04K,-0.81%
03/29/2021,154,154.3,155.1,153.715,0.03K,-0.55%
03/26/2021,154.85,154.6,155.14,154.15,0.03K,0.37%
03/25/2021,154.28,155.1,156.075,154.565,0.04K,-0.94%
03/24/2021,155.75,156.1,156.125,154.86,0.04K,0.40%
03/23/2021,155.13,155.91,156.15,155.585,0.01K,-0.37%
03/22/2021,155.7,155.875,156.225,155.185,0.03K,0.03%
03/19/2021,155.65,155.125,156.645,155.05,0.07K,0.79%
03/18/2021,154.43,155.975,156.14,154.83,0.06K,-0.85%
03/17/2021,155.75,156.75,156.76,155.225,0.08K,-0.43%
03/16/2021,156.42,157.005,157.125,156.165,0.03K,-0.19%
03/15/2021,156.71,156.85,157.275,156.535,0.02K,-0.06%
03/12/2021,156.8,156.7,157.36,156.64,0.22K,-0.03%
03/11/2021,156.85,156.77,157.325,156.665,0.04K,0.13%
03/10/2021,156.65,157,157.26,156.685,0.02K,0.12%
03/09/2021,156.46,157.175,157.3,156.63,0.03K,-0.05%
03/08/2021,156.54,156.78,157.48,156.715,0.03K,0.10%
03/05/2021,156.38,157.425,157.555,156.64,0.03K,-0.39%
03/04/2021,157,157.25,157.45,156.975,0.01K,0.00%
03/03/2021,157,157.75,157.95,156.815,0.05K,-0.41%
03/02/2021,157.65,158.1,159.275,157.285,0.05K,-0.50%
03/01/2021,158.45,158.075,159.275,157.545,0.04K,0.06%
02/27/2021,158.35,158.45,158.45,158.45,,-0.06%
02/26/2021,158.45,158.3,159.275,157.52,0.04K,0.13%
02/25/2021,158.25,159.275,159.375,158.015,0.02K,-0.09%
02/24/2021,158.4,158.91,159.45,158.475,0.02K,-0.14%
02/23/2021,158.62,159.075,159.25,157.88,0.05K,-0.11%
02/22/2021,158.8,159,159.25,158.755,0.02K,0.03%
02/19/2021,158.75,158.75,159.215,158.59,0.02K,0.06%
02/18/2021,158.65,160.05,160.075,158.49,0.35K,-0.28%
02/17/2021,159.1,160.075,160.14,158.92,1.11K,-0.03%
02/16/2021,159.15,159.3,160.24,158.85,0.66K,0.14%
02/15/2021,158.93,159.3,159.42,158.425,0.02K,0.30%
02/12/2021,158.45,159.43,159.43,158.435,0.03K,-0.38%
02/11/2021,159.06,159.45,159.5,158.76,0.03K,-0.03%
02/10/2021,159.1,159.95,160.325,159.075,0.36K,-0.28%
02/09/2021,159.55,160.125,160.575,159.05,0.76K,0.19%
02/08/2021,159.25,159.98,160.465,159.38,0.50K,-0.16%
02/05/2021,159.5,160.25,160.44,159.735,0.55K,0.00%
02/04/2021,159.5,160.45,160.515,159.515,0.76K,-0.25%
02/03/2021,159.9,160.4,160.565,159.74,0.91K,0.06%
02/02/2021,159.8,160.5,160.565,159.74,0.91K,-0.12%
02/01/2021,160,160.3,160.55,159.95,0.54K,0.25%
01/29/2021,159.6,160.45,160.69,159.64,1.22K,-0.19%
01/28/2021,159.9,160.55,160.64,159.92,1.21K,-0.12%
01/27/2021,160.1,160.8,160.86,159.995,1.26K,-0.31%
01/26/2021,160.6,160.85,160.91,160.44,0.79K,-0.06%
01/25/2021,160.7,160.675,160.915,160.13,0.58K,0.22%
01/22/2021,160.35,160.6,162.63,157.63,0.82K,0.06%
01/21/2021,160.25,160.55,160.79,160,0.71K,0.09%
01/20/2021,160.1,160.55,160.74,159.975,1.16K,0.00%
01/19/2021,160.1,160.625,160.88,159.84,0.90K,-0.09%
01/18/2021,160.25,160.55,160.725,160.05,0.60K,0.09%
01/15/2021,160.1,160.5,160.6,159.75,1.25K,0.06%
01/14/2021,160,160.5,160.82,159.705,1.13K,0.00%
01/13/2021,160,160.5,160.79,159.9,1.27K,0.00%
01/12/2021,160,160.5,160.75,159.915,1.07K,0.00%
01/11/2021,160,160.45,160.645,159.84,0.76K,0.06%
01/08/2021,159.9,160.375,160.545,159.715,1.24K,0.09%
01/07/2021,159.75,160.55,160.8,159.715,1.34K,-0.22%
01/06/2021,160.1,160.625,160.625,159.875,1.38K,-0.09%
01/05/2021,160.25,160.4,160.825,159.815,1.41K,0.28%
01/04/2021,159.8,160.375,160.645,159.6,0.86K,0.03%
01/01/2021,159.75,160.375,160.375,160.375,,0.00%
12/31/2020,159.75,160.5,164.125,159.25,1.28K,-0.16%
12/30/2020,160,160.5,160.615,159.865,0.91K,0.00%
12/29/2020,160,160.65,160.665,159.965,1.06K,-0.19%
12/28/2020,160.3,160.275,160.825,159.88,0.65K,0.39%
12/24/2020,159.68,160.65,160.675,159.835,0.04K,-0.45%
12/23/2020,160.4,160.67,160.985,159.93,0.03K,0.06%
12/22/2020,160.3,160.45,160.895,159.95,0.02K,0.38%
12/21/2020,159.7,160.1,160.83,159.95,0.02K,0.00%
12/18/2020,159.7,159.9,160.475,159.535,0.02K,-0.19%
12/17/2020,160,160.45,160.525,159.79,0.02K,0.08%
12/16/2020,159.88,160.25,160.74,159.955,0.02K,-0.14%
12/15/2020,160.1,160.125,160.78,159.83,0.02K,0.06%
12/14/2020,160,160.125,160.585,159.785,0.01K,0.09%
12/11/2020,159.85,160.305,160.575,159.655,0.03K,-0.09%
12/10/2020,160,160.34,160.635,159.84,0.02K,-0.02%
12/09/2020,160.03,160.4,160.695,159.88,0.01K,-0.01%
12/08/2020,160.04,160.275,160.695,159.805,0.02K,0.02%
12/07/2020,160,160.08,160.575,159.78,0.04K,0.13%
12/04/2020,159.8,160.1,160.525,159.5,0.02K,0.01%
12/03/2020,159.78,160.25,160.715,159.795,0.04K,-0.14%
12/02/2020,160,159.495,160.49,159.25,0.02K,0.57%
12/01/2020,159.09,159.5,162.73,159.05,0.03K,0.18%
11/30/2020,158.8,159.425,159.605,159.025,0.02K,0.03%
11/28/2020,158.75,159.24,159.24,159.24,,-0.16%
11/27/2020,159,159.175,159.525,158.75,0.02K,0.00%
11/26/2020,159,159.6,159.6,158.675,0.02K,-0.06%
11/25/2020,159.1,160.125,160.125,158.685,0.03K,-0.75%
11/24/2020,160.3,161.065,161.065,159.33,0.06K,-0.25%
11/23/2020,160.7,160.775,161.26,160.195,0.02K,0.36%
11/22/2020,160.13,160.53,160.53,160.53,,-0.26%
11/20/2020,160.55,160.625,161,160.095,0.02K,0.31%
11/19/2020,160.05,158.175,160.915,157.86,0.04K,0.98%
11/18/2020,158.5,158.15,160.155,157.91,0.04K,0.38%
11/17/2020,157.9,158.05,158.445,157.68,0.02K,0.00%
11/16/2020,157.9,158.08,158.325,157.84,0.02K,-0.06%
11/13/2020,158,158.3,158.525,157.825,0.02K,0.40%
11/12/2020,157.37,158.475,160.75,157.81,0.03K,-0.01%
11/11/2020,157.38,158.775,158.96,157.89,0.02K,-0.71%
11/10/2020,158.5,158.875,159.45,158.305,0.04K,0.14%
11/09/2020,158.28,159.175,159.23,158.455,0.03K,-0.45%
11/07/2020,159,159.175,159.175,159.175,,0.19%
11/06/2020,158.7,159.525,159.625,158.7,0.02K,-0.25%
11/05/2020,159.1,159.7,160.205,159,0.04K,-0.01%
11/04/2020,159.11,160.075,160.41,159.365,0.04K,-0.46%
11/03/2020,159.85,160.1,160.205,159.705,0.03K,0.13%
11/02/2020,159.65,160.275,160.435,159.7,0.04K,-0.22%
10/30/2020,160,160.41,160.66,160.12,0.00K,-0.05%
10/29/2020,160.08,160.625,160.74,160,0.02K,-0.17%
10/28/2020,160.35,160.8,160.9,160.18,0.04K,-0.19%
10/27/2020,160.65,161.55,161.55,160.53,0.03K,0.02%
10/26/2020,160.62,161.55,161.62,160.655,0.05K,-0.33%
10/23/2020,161.15,161.4,162.075,160.7,0.04K,0.16%
10/22/2020,160.89,162.225,162.41,161.37,0.04K,-0.26%
10/21/2020,161.31,162.1,162.48,161.41,0.03K,0.11%
10/20/2020,161.14,162.35,162.65,161.56,0.04K,-0.68%
10/19/2020,162.25,162.575,162.84,161.745,0.04K,0.06%
10/16/2020,162.15,162.55,163,162.055,0.03K,-0.37%
10/15/2020,162.75,163.8,163.8,162.035,0.04K,0.15%
10/14/2020,162.51,163.825,163.95,162.735,0.08K,-0.23%
10/13/2020,162.89,163.825,164.04,163.115,0.06K,-0.53%
10/12/2020,163.75,163.8,164,163.65,0.03K,0.24%
10/09/2020,163.35,163.625,164.07,163.395,0.06K,-0.03%
10/08/2020,163.4,164.025,164.075,163.325,0.10K,-0.01%
10/07/2020,163.42,164.02,164.675,163.59,0.14K,-0.12%
10/06/2020,163.61,164.525,165.05,163.785,0.06K,-0.19%
10/05/2020,163.92,164.725,165.75,163.685,0.05K,0.03%
10/02/2020,163.87,165.2,167.75,164.07,0.04K,-0.27%
10/01/2020,164.32,165.8,165.865,164.65,0.07K,-0.65%
09/30/2020,165.4,165.875,165.95,165.525,0.02K,0.34%
09/29/2020,164.84,165.95,166.21,165.23,0.02K,-0.64%
09/28/2020,165.9,166.3,166.425,165.305,0.04K,0.72%
09/25/2020,164.71,166.075,166.375,165.205,0.02K,-0.60%
09/24/2020,165.7,166.3,166.3,165.395,0.02K,0.20%
09/23/2020,165.37,166.2,166.46,165.63,0.02K,-0.41%
09/22/2020,166.05,166.125,166.525,165.63,0.02K,0.54%
09/21/2020,165.16,165.75,166.415,165.505,0.04K,-0.08%
09/18/2020,165.29,165.85,166.5,165.545,0.02K,-0.43%
09/17/2020,166,166.3,166.56,165.95,0.03K,0.03%
09/16/2020,165.95,166.3,166.83,165.87,0.04K,0.34%
09/15/2020,165.39,166.025,166.605,165.63,0.02K,-0.16%
09/14/2020,165.65,166.05,166.51,165.81,0.01K,0.23%
09/11/2020,165.27,166.25,166.67,165.585,0.02K,-0.13%
09/10/2020,165.49,166.4,166.73,165.855,0.02K,-0.27%
09/09/2020,165.93,166.25,166.715,166.035,0.13K,-0.04%
09/08/2020,166,165.65,166.475,165.255,0.03K,0.24%
09/07/2020,165.6,165.95,166.13,165.25,0.02K,-0.06%
09/05/2020,165.7,166,166,166,,0.09%
09/04/2020,165.55,165.5,166.165,165.055,0.02K,0.09%
09/03/2020,165.4,165.5,166.325,165.11,0.03K,0.28%
09/02/2020,164.94,165.55,165.8,165.22,0.02K,-0.05%
09/01/2020,165.02,165.575,165.925,165.22,0.02K,0.26%
08/31/2020,164.59,166.55,166.6,165.195,0.03K,-1.13%
08/28/2020,166.47,167.3,167.7,166,0.01K,0.00%
08/27/2020,166.47,168.5,168.5,166.825,0.55K,-0.91%
08/26/2020,168,168.5,168.8,167.8,1.07K,0.00%
08/25/2020,168,168.4,168.64,167.955,1.21K,0.12%
08/24/2020,167.8,168.4,168.655,167.88,0.58K,0.00%
08/21/2020,167.8,168.5,168.615,167.73,0.66K,-0.12%
08/20/2020,168,168.345,168.695,167.635,0.53K,0.24%
08/19/2020,167.6,168.25,168.59,167.75,0.51K,-0.09%
08/18/2020,167.75,168.5,168.59,167.375,0.35K,-0.15%
08/17/2020,168,168.125,168.57,167.375,0.32K,0.45%
08/14/2020,167.25,168.25,168.25,168.125,1.26K,-0.15%
08/13/2020,167.5,168.25,168.53,165.875,1.23K,0.00%
08/12/2020,167.5,168.45,168.59,167.585,1.28K,-0.24%
08/11/2020,167.9,168.5,168.755,167.5,1.29K,-0.06%
08/10/2020,168,168.4,168.77,165.875,0.76K,0.12%
08/07/2020,167.8,168.55,168.755,166.8,0.67K,-0.18%
08/06/2020,168.1,168.25,168.75,167.435,0.66K,0.36%
08/05/2020,167.5,167.5,168.615,167.25,0.52K,0.12%
08/04/2020,167.3,166.85,168.3,166.34,0.25K,0.64%
08/03/2020,166.23,166.9,167.735,165.875,0.04K,-0.63%
07/31/2020,167.28,167.33,167.64,167,0.01K,0.12%
07/30/2020,167.08,165.875,167.75,165.84,0.04K,0.66%
07/29/2020,165.99,166.765,167.16,165.875,0.02K,-0.04%
07/28/2020,166.05,166.85,167.235,165.95,0.03K,-0.27%
07/27/2020,166.5,167.1,167.7,166.25,0.03K,-0.54%
07/25/2020,167.4,167.7,167.7,167.7,,0.25%
07/24/2020,166.98,168.125,168.275,166.65,0.82K,-0.16%
07/23/2020,167.25,168.125,168.35,166.875,1.12K,0.00%
07/22/2020,167.25,168.125,168.75,166.875,1.25K,0.00%
07/21/2020,167.25,168.375,168.565,167.05,0.94K,0.09%
07/20/2020,167.1,167.4,168.73,166.7,0.65K,0.24%
07/18/2020,166.7,167.25,167.38,166.985,,-0.06%
07/17/2020,166.8,167.375,167.64,166.24,1.20K,0.03%
07/16/2020,166.75,167.125,167.505,166.125,1.31K,0.30%
07/15/2020,166.25,167.125,167.275,165.875,1.18K,0.00%
07/14/2020,166.25,167.05,167.77,165.875,1.05K,0.09%
07/13/2020,166.1,166.5,167.25,165.875,0.37K,0.26%
07/10/2020,165.67,166.55,166.96,165.75,0.02K,-0.53%
07/09/2020,166.55,167.15,167.35,165.75,0.85K,0.15%
07/08/2020,166.3,167.225,167.45,165.875,1.28K,-0.09%
07/07/2020,166.45,166.25,167.415,165.875,0.81K,0.27%
07/06/2020,166,167.6,167.6,165.875,0.13K,-0.24%
07/03/2020,166.4,166.9,167.6,166.15,0.31K,-0.83%
07/02/2020,167.8,168.05,168.275,166.175,0.60K,0.36%
07/01/2020,167.2,168.05,168.175,167.6,0.91K,0.00%
06/30/2020,167.2,168.05,168.475,167.6,1.08K,0.00%
06/29/2020,167.2,167.45,168.375,167.25,0.75K,0.00%
06/26/2020,167.2,166.75,168.075,166.75,1.28K,0.30%
06/25/2020,166.7,167.53,167.88,166.2,1.19K,-0.54%
06/24/2020,167.6,168.15,168.25,166.525,0.83K,0.48%
06/23/2020,166.8,166.4,168.275,166.4,0.77K,0.26%
06/22/2020,166.36,166.4,167.4,165.83,0.03K,-0.14%
06/19/2020,166.6,165.65,167.4,165.65,0.61K,0.99%
06/18/2020,164.97,165.68,166.125,164.875,1.28K,-0.20%
06/17/2020,165.3,165.325,165.85,163.775,1.38K,0.39%
06/16/2020,164.65,164.85,165.365,163.775,1.20K,0.34%
06/15/2020,164.1,164.3,165.3,163.625,0.86K,-0.09%
06/12/2020,164.25,164.45,165.25,163.75,0.69K,0.09%
06/11/2020,164.1,164.63,165.3,163.66,0.24K,-0.08%
06/10/2020,164.23,164,165.17,163.5,0.02K,0.56%
06/09/2020,163.32,163.3,164.5,162.875,0.04K,0.57%
06/08/2020,162.4,163.3,163.875,162.7,0.02K,-0.40%
06/05/2020,163.05,162.75,163.995,162.675,0.02K,-0.06%
06/04/2020,163.15,164,164.945,162.675,0.02K,-0.64%
06/03/2020,164.2,165.45,165.555,163.74,0.35K,-0.51%
06/02/2020,165.05,164.1,166.05,162.85,0.83K,1.10%
06/01/2020,163.25,163.1,164.15,162.375,0.79K,0.77%
05/29/2020,162,161.7,163.575,160.85,0.79K,0.83%
05/28/2020,160.66,161.2,161.96,160.45,0.03K,0.26%
05/27/2020,160.25,161.2,161.42,160.53,0.01K,0.06%
05/26/2020,160.16,161.2,161.465,160.855,0.02K,-0.40%
05/25/2020,160.8,161.2,161.2,161.2,,0.34%
05/22/2020,160.25,161.2,161.44,160.605,0.01K,0.06%
05/21/2020,160.15,160.7,161.49,159.55,0.04K,0.09%
05/20/2020,160,160.63,160.9,159.345,0.04K,-0.03%
05/19/2020,160.05,160.55,160.8,156.2,0.03K,0.03%
05/18/2020,160,160.05,160.95,158.99,0.03K,0.76%
05/15/2020,158.79,160.1,160.875,158.925,0.03K,-0.48%
05/14/2020,159.56,161.15,161.25,159.8,0.06K,-0.36%
05/13/2020,160.14,160.25,161.535,159.24,0.04K,0.45%
05/12/2020,159.43,159.95,160.76,159.175,0.04K,-0.19%
05/11/2020,159.73,159.7,160.585,158.67,0.05K,0.74%
05/08/2020,158.56,159.13,160.2,156.2,0.04K,-0.93%
05/07/2020,160.05,158.88,160.64,158.545,0.05K,1.40%
05/06/2020,157.84,159.5,160.075,158.42,0.03K,-0.85%
05/05/2020,159.2,160.25,160.25,158.49,0.04K,0.09%
05/04/2020,159.06,160.375,163.45,157.175,0.07K,-0.59%
05/01/2020,160,160.38,161.5,159.955,0.02K,0.00%
04/30/2020,160,161.45,161.525,159.925,0.06K,-0.22%
04/29/2020,160.36,161.13,161.9,160.175,0.03K,-0.24%
04/28/2020,160.75,160.85,161.83,159.925,0.03K,0.36%
04/27/2020,160.18,159.95,161.5,159.725,0.02K,0.20%
04/24/2020,159.86,159.95,161.5,159.47,0.04K,0.40%
04/23/2020,159.23,160.15,161.5,159.25,0.09K,-0.32%
04/22/2020,159.74,161.1,161.5,159,0.07K,-0.23%
04/21/2020,160.11,163.6,163.665,160.68,0.06K,-1.77%
04/20/2020,163,163.25,167.025,162.75,0.03K,-1.37%
04/17/2020,165.26,167.1,167.15,163.025,0.05K,-0.63%
04/16/2020,166.3,166.85,167.75,165.965,0.35K,0.23%
04/15/2020,165.92,166.85,167.36,166.39,0.02K,-0.05%
04/14/2020,166,166.65,167.8,165.965,0.04K,0.37%
04/13/2020,165.38,166.15,167.3,165.87,0.04K,-0.40%
04/10/2020,166.05,167.25,167.25,166.15,0.02K,-0.42%
04/09/2020,166.75,167.5,167.965,166.78,0.84K,0.00%
04/08/2020,166.75,167.5,168,165.965,1.29K,-0.15%
04/07/2020,167,166.9,167.825,165.965,0.78K,0.45%
04/06/2020,166.25,167.25,167.45,165.965,0.49K,-0.15%
04/03/2020,166.5,166.55,167.39,165.845,1.15K,0.15%
04/02/2020,166.25,166.13,167.2,165.75,0.22K,0.64%
04/01/2020,165.19,166.13,166.42,165.24,0.02K,-0.34%
03/31/2020,165.75,165.43,167.3,165.095,0.06K,-0.15%
03/30/2020,166,165.1,167.05,164.99,0.04K,1.15%
03/27/2020,164.12,168,168.125,164,0.03K,-2.08%
03/26/2020,167.6,161.55,168.425,159.275,0.24K,4.75%
03/25/2020,160,159,162.55,158.9,0.43K,0.69%
03/24/2020,158.9,158.2,159.565,158.15,0.32K,0.70%
03/23/2020,157.8,158.2,158.77,158.2,0.01K,-0.25%
03/20/2020,158.2,158.48,159.4,158.275,0.22K,0.37%
03/19/2020,157.61,158.5,159.325,158.105,0.23K,-0.24%
03/18/2020,157.99,158.55,159.3,158.15,0.21K,0.06%
03/17/2020,157.9,158.9,159.475,158.075,0.30K,-0.11%
03/16/2020,158.08,156.4,159.105,156.4,0.06K,0.62%
03/14/2020,157.1,157.35,157.35,157.35,,-0.88%
03/13/2020,158.5,159.08,159.665,156.7,0.31K,0.00%
03/12/2020,158.5,158.7,159.565,157.8,0.83K,0.06%
03/11/2020,158.4,158,158.85,154.265,1.56K,0.57%
03/10/2020,157.5,157.8,158.95,155.8,1.19K,1.29%
03/09/2020,155.5,154.23,157.975,153.92,0.14K,0.88%
03/07/2020,154.15,154.35,154.525,154.05,,0.28%
03/06/2020,153.72,154.27,154.78,153.975,0.11K,-0.05%
03/05/2020,153.8,154.27,154.61,153.93,0.11K,0.00%
03/04/2020,153.8,154.27,154.59,153.975,0.13K,0.09%
03/03/2020,153.66,154.43,154.71,153.94,0.15K,-0.11%
03/02/2020,153.83,154.1,154.76,153.98,0.18K,-0.22%
02/29/2020,154.165,154.165,154.165,154.165,,0.34%
02/28/2020,153.65,154.22,154.85,153.915,0.17K,0.20%
02/27/2020,153.34,154.22,154.625,153.735,0.13K,0.00%
02/26/2020,153.34,154.22,154.63,153.78,0.09K,-0.31%
02/25/2020,153.82,154.22,154.64,154.015,0.07K,0.06%
02/24/2020,153.73,154.5,154.735,153.79,0.11K,-0.37%
02/22/2020,154.3,154.3,154.3,154.3,,0.26%
02/21/2020,153.9,154.24,154.635,153.975,0.11K,0.30%
02/20/2020,153.44,154.25,154.82,153.815,0.16K,-0.20%
02/19/2020,153.75,154.38,154.68,153.795,0.12K,-0.10%
02/18/2020,153.9,154.27,154.655,154.01,0.10K,0.00%
02/17/2020,153.9,153.72,154.615,153.72,0.09K,-0.26%
02/15/2020,154.295,154.295,154.295,154.295,,0.30%
02/14/2020,153.83,154.42,154.84,153.92,0.16K,-0.03%
02/13/2020,153.88,154.42,154.735,154.04,0.09K,0.27%
02/12/2020,153.46,154.42,154.765,153.905,0.10K,-0.30%
02/11/2020,153.92,154.65,154.82,154.17,0.11K,-0.05%
02/10/2020,154,154.52,155.25,154.105,0.11K,-0.33%
02/08/2020,154.515,154.515,154.515,154.515,,0.33%
02/07/2020,154.01,154.58,154.815,154.2,0.16K,0.21%
02/06/2020,153.69,154.44,154.82,153.915,0.20K,0.14%
02/05/2020,153.48,154.44,154.62,154.16,0.01K,-0.12%
02/04/2020,153.66,154.66,154.79,154.005,0.16K,-0.23%
02/03/2020,154.02,154.2,154.96,154.15,0.11K,-0.31%
02/01/2020,154.5,154.5,154.5,154.5,,0.49%
01/31/2020,153.74,154.55,154.905,154.09,0.17K,-0.10%
01/30/2020,153.9,154.54,154.81,154.17,0.17K,-0.06%
01/29/2020,154,154.63,154.865,154.27,0.14K,-0.08%
01/28/2020,154.12,154.54,154.835,154.255,0.19K,0.16%
01/27/2020,153.87,154.18,155.255,154.02,0.20K,-0.54%
01/25/2020,154.705,154.705,154.705,154.705,,0.46%
01/24/2020,154,154.735,154.98,154.26,0.18K,0.00%
01/23/2020,154,154.53,154.99,154.23,0.28K,-0.03%
01/22/2020,154.04,154.65,154.81,154.28,0.21K,-0.14%
01/21/2020,154.25,154.65,155.01,154.425,0.20K,0.00%
01/20/2020,154.25,154.21,154.865,154.165,0.20K,-0.27%
01/18/2020,154.67,154.67,154.67,154.67,,0.26%
01/17/2020,154.27,154.66,154.975,154.26,0.20K,0.44%
01/16/2020,153.59,154.76,155.275,154.125,0.19K,-0.64%
01/15/2020,154.58,154.85,155.245,154.375,0.18K,0.11%
01/14/2020,154.41,154.85,155.14,154.625,0.12K,-0.03%
01/13/2020,154.45,154.89,155.085,154.465,0.13K,-0.31%
01/11/2020,154.93,154.93,154.93,154.93,,0.34%
01/10/2020,154.4,154.7,155.205,154.49,0.24K,0.26%
01/09/2020,154,154.9,155.125,154.4,0.26K,-0.32%
01/08/2020,154.5,154.87,155.305,154.35,0.19K,-0.05%
01/07/2020,154.58,154.87,155.25,154.555,0.13K,0.07%
01/06/2020,154.47,154.5,155.48,154.49,0.12K,-0.26%
01/04/2020,154.875,154.875,154.875,154.875,,0.28%
01/03/2020,154.45,155,155.17,154.49,0.11K,-0.10%
01/02/2020,154.6,154.87,155.24,154.41,0.15K,0.08%
01/01/2020,154.47,154.87,155.07,154.67,0.01K,-0.02%
12/31/2019,154.5,154.87,155.205,154.665,0.12K,-0.06%
12/30/2019,154.6,154.48,155.145,154.475,0.15K,-0.16%
12/28/2019,154.85,154.85,154.85,154.85,,0.32%
12/27/2019,154.35,155.38,155.59,154.6,0.16K,0.20%
12/26/2019,154.04,154.9,155.565,154.325,0.15K,-0.30%
12/25/2019,154.5,154.9,154.9,154.9,,0.39%
12/24/2019,153.9,154.21,155.185,154.21,0.11K,-0.36%
12/23/2019,154.46,154.61,155.19,154.21,0.11K,-0.32%
12/21/2019,154.95,154.95,154.95,154.95,,0.45%
12/20/2019,154.25,154.22,155.325,154.21,0.09K,0.18%
12/19/2019,153.98,154.22,155.045,154.21,0.06K,0.01%
12/18/2019,153.97,154.25,155.445,154.22,0.12K,-0.31%
12/17/2019,154.45,154.37,155.195,154.25,0.11K,0.21%
12/16/2019,154.12,154.61,155.285,154.28,0.09K,-0.34%
12/14/2019,154.65,154.65,154.65,154.65,,0.44%
12/13/2019,153.98,154.3,155.25,154.23,0.16K,-0.37%
12/12/2019,154.55,154.33,155.3,154.3,0.13K,0.40%
12/11/2019,153.93,154.33,155.265,154.33,0.09K,-1.31%
12/10/2019,155.98,154.4,156.755,154.33,0.14K,0.79%
12/09/2019,154.75,154.14,156.755,154.12,0.15K,0.13%
12/07/2019,154.555,154.555,154.555,154.555,,0.41%
12/06/2019,153.93,154.68,155.9,154.375,0.14K,-0.50%
12/05/2019,154.7,154.77,155.495,154.68,0.14K,0.01%
12/04/2019,154.69,154.8,155.555,154.67,0.12K,-0.07%
12/03/2019,154.8,154.91,156.755,154.785,0.21K,0.03%
12/02/2019,154.75,155.275,156.755,154.75,0.10K,-0.48%
11/30/2019,155.5,155.5,155.5,155.5,,0.23%
11/29/2019,155.15,155.11,155.565,154.87,0.21K,-0.06%
11/28/2019,155.24,155.22,155.47,154.98,0.13K,0.06%
11/27/2019,155.15,155.28,156.755,155.02,0.10K,-0.53%
11/26/2019,155.98,155.23,156.755,154.87,0.11K,0.63%
11/25/2019,155,156.2,156.24,154.99,0.45K,-0.77%
11/23/2019,156.2,156.2,156.2,156.2,,0.51%
11/22/2019,155.4,155.21,156.755,154.99,0.22K,0.42%
11/21/2019,154.75,155.28,156.755,155.03,0.08K,-0.08%
11/20/2019,154.88,156.175,156.755,155.08,0.92K,-0.30%
11/19/2019,155.35,155.27,156.93,155.075,0.97K,0.31%
11/18/2019,154.87,155.45,156.755,155.065,0.53K,-0.28%
11/16/2019,155.31,155.31,155.31,155.31,,0.34%
11/15/2019,154.78,155.28,155.575,155.065,0.02K,-0.77%
11/14/2019,155.98,155.33,156.99,154.91,0.30K,0.68%
11/13/2019,154.93,155.33,156.225,155.19,0.24K,-0.05%
11/12/2019,155,156.25,156.3,155,2.00K,-0.32%
11/11/2019,155.5,156.2,156.25,154.9,2.48K,-0.45%
11/09/2019,156.2,156.2,156.2,156.2,,0.51%
11/08/2019,155.4,156.2,156.25,155.075,2.06K,0.00%
11/07/2019,155.4,156.2,156.3,155.1,3.89K,0.00%
11/06/2019,155.4,156.225,156.275,155.18,4.79K,-0.03%
11/05/2019,155.45,155.2,156.975,155.15,1.58K,0.19%
11/04/2019,155.15,155.2,156,155.2,0.03K,0.19%
11/02/2019,154.86,154.86,154.86,154.86,,0.26%
11/01/2019,154.46,155.35,157.5,154.74,0.09K,-0.32%
10/31/2019,154.95,155.3,156.05,155.085,0.03K,0.03%
10/30/2019,154.9,155.4,156.075,155.25,0.06K,0.36%
10/29/2019,154.35,155.33,156.04,154.99,0.05K,-0.61%
10/28/2019,155.29,155.4,156.075,155.025,0.03K,-0.55%
10/26/2019,156.145,156.145,156.145,156.145,,0.56%
10/25/2019,155.28,155.5,156.99,155.33,0.56K,0.37%
10/24/2019,154.7,155.3,156.69,155.2,0.02K,-0.48%
10/23/2019,155.45,155.25,156.675,155.25,1.93K,-0.16%
10/22/2019,155.7,156.4,156.975,155.25,1.99K,-0.06%
10/21/2019,155.8,155.47,156.74,155.45,1.38K,-0.37%
10/19/2019,156.375,156.375,156.375,156.375,,0.40%
10/18/2019,155.75,155.58,156.755,155.515,0.78K,-0.10%
10/17/2019,155.9,155.75,156.85,155.44,0.68K,0.10%
10/16/2019,155.75,155.85,156.805,155.675,0.65K,-0.06%
10/15/2019,155.85,155.6,156.79,155.595,0.64K,0.03%
10/14/2019,155.8,156.675,156.775,155.55,0.57K,-0.56%
10/12/2019,156.675,156.675,156.675,156.675,,0.53%
10/11/2019,155.85,155.9,156.895,155.675,2.19K,-0.03%
10/10/2019,155.9,155.85,157.11,155.775,1.57K,-0.07%
10/09/2019,156.01,156.05,156.955,155.795,1.10K,-0.11%
10/08/2019,156.18,156,157.295,155.975,2.04K,-0.04%
10/07/2019,156.25,156.1,157.205,155.9,1.46K,-0.46%
10/05/2019,156.975,156.975,156.975,156.975,,0.34%
10/04/2019,156.45,155.97,156.99,155.685,0.71K,0.22%
10/03/2019,156.1,155.97,157,155.915,0.69K,0.06%
10/02/2019,156,156.05,156.93,155.77,0.69K,-0.10%
10/01/2019,156.15,155.7,156.9,155.7,0.39K,0.10%
09/30/2019,156,155.6,156.95,155.58,0.60K,-0.54%
09/28/2019,156.85,156.85,156.85,156.85,,0.42%
09/27/2019,156.2,156.825,156.85,155.55,2.00K,0.03%
09/26/2019,156.15,155.55,156.84,155.55,1.63K,0.00%
09/25/2019,156.15,155.55,156.825,155.55,1.32K,0.42%
09/24/2019,155.5,155.53,156.84,155.45,0.47K,-0.42%
09/23/2019,156.15,155.5,156.935,155.5,0.59K,-0.32%
09/21/2019,156.65,156.65,156.65,156.65,,0.55%
09/20/2019,155.8,155.5,156.84,155.4,0.71K,-0.06%
09/19/2019,155.9,155.65,161,155.5,0.56K,-0.26%
09/18/2019,156.3,155.73,156.97,155.65,0.73K,0.19%
09/17/2019,156,155.5,158.33,155.5,0.54K,0.00%
09/16/2019,156,155.65,157.055,155.45,0.60K,-0.37%
09/14/2019,156.58,156.58,156.58,156.58,,0.00%
09/13/2019,156.58,155.55,156.94,155.45,0.53K,0.50%
09/12/2019,155.8,155.55,156.865,155.55,0.62K,-0.13%
09/11/2019,156,155.65,156.915,155.55,0.45K,0.00%
09/10/2019,156,155.65,160.88,155.65,0.74K,0.00%
09/09/2019,156,155.65,160.88,155.65,0.73K,-0.32%
09/07/2019,156.5,156.5,156.5,156.5,,0.32%
09/06/2019,156,155.95,157.15,155.65,0.36K,-0.19%
09/05/2019,156.3,155.65,160.88,155.55,0.66K,0.19%
09/04/2019,156,155.85,157.015,155.6,0.52K,0.00%
09/03/2019,156,155.75,157.025,155.75,0.51K,0.00%
09/02/2019,156,157,157.15,155.75,0.68K,-0.64%
08/31/2019,157,157,157,157,,0.13%
08/30/2019,156.8,157,157.625,156.4,0.36K,-0.13%
08/29/2019,157,156.9,160.88,156.875,0.76K,-1.68%
08/28/2019,159.675,159.5,159.7,156.825,1.23K,0.11%
08/27/2019,159.5,156.9,159.65,156.85,0.96K,-0.08%
08/26/2019,159.625,156.9,159.75,156.875,0.59K,0.08%
08/24/2019,159.5,159.5,159.5,159.5,,0.00%
08/23/2019,159.5,156.65,160.88,156.43,0.37K,0.00%
08/22/2019,159.5,157.6,160.88,156.65,1.51K,-0.31%
08/21/2019,160,157.85,160.88,157.6,1.38K,-0.09%
08/20/2019,160.15,160.125,160.34,157.8,1.14K,0.02%
08/19/2019,160.125,160.25,160.895,157.75,0.87K,0.87%
08/17/2019,158.75,158.35,158.875,158.3,,0.76%
08/16/2019,157.55,157.5,160.955,157.5,0.02K,-1.35%
08/15/2019,159.71,157.5,160.885,157.5,0.59K,-0.34%
08/14/2019,160.25,157.5,160.88,157.5,0.52K,0.00%
08/13/2019,160.25,157.5,160.885,157.5,0.64K,0.00%
08/12/2019,160.25,157.95,160.265,157.5,0.95K,1.42%
08/10/2019,158,158,158,158,,0.35%
08/09/2019,157.45,157.5,160.315,156.95,0.31K,-1.52%
08/08/2019,159.875,157.4,160.65,156.95,0.68K,0.08%
08/07/2019,159.75,157.65,160.665,157.1,1.18K,-0.31%
08/06/2019,160.25,160.25,160.65,157.35,1.52K,0.00%
08/05/2019,160.25,158.55,160.65,157.4,1.11K,0.29%
08/03/2019,159.79,159.79,159.79,159.79,,0.74%
08/02/2019,158.62,160.5,160.715,158.03,0.84K,-1.17%
08/01/2019,160.5,160.55,161.14,156.28,1.45K,-0.03%
07/31/2019,160.55,160.625,161.155,156.28,1.00K,-0.05%
07/30/2019,160.625,159.7,161.215,156.28,0.68K,0.23%
07/29/2019,160.25,159.8,161.265,156.28,0.58K,-0.47%
07/27/2019,161,161,161,161,,0.63%
07/26/2019,160,159.5,161.265,159.45,1.54K,0.13%
07/25/2019,159.8,159.95,161.365,156.28,1.59K,-0.12%
07/24/2019,160,159.9,161.39,156.28,0.86K,0.60%
07/23/2019,159.04,159.65,161.25,156.28,0.05K,-0.13%
07/22/2019,159.25,160.05,161.265,156.28,0.29K,-0.44%
07/20/2019,159.95,159.95,159.95,159.95,,0.03%
07/19/2019,159.9,159.75,160.1,156.28,0.66K,0.25%
07/18/2019,159.5,159.1,160.15,156.28,0.78K,0.16%
07/17/2019,159.25,159.05,159.86,156.28,1.15K,0.13%
07/16/2019,159.05,159.525,160.525,156.28,1.59K,0.00%
07/15/2019,159.05,159.125,160.125,156.28,0.86K,-0.05%
07/13/2019,159.125,159.125,159.125,159.125,,0.55%
07/12/2019,158.25,157.35,159.15,157.33,0.57K,-0.35%
07/11/2019,158.8,158.375,159,157.15,1.38K,0.27%
07/10/2019,158.375,158.375,164,156.35,1.06K,0.00%
07/09/2019,158.375,156.25,164,156.13,1.97K,-0.08%
07/08/2019,158.5,158,164,155.73,1.48K,0.32%
07/06/2019,158,158,158,158,,0.00%
07/05/2019,158,155.15,158.75,155.03,0.60K,0.05%
07/04/2019,157.925,156.05,158.6,154.65,0.39K,0.75%
07/03/2019,156.75,156.4,164,155.65,0.05K,0.70%
07/02/2019,155.66,158.65,163.125,155.9,0.02K,-3.67%
07/01/2019,161.59,157.1,164.03,152.015,0.02K,-0.94%
06/29/2019,163.125,163.125,163.125,163.125,,0.38%
06/28/2019,162.5,163.5,164.375,155.85,0.46K,-0.61%
06/27/2019,163.5,161.03,164.25,156.9,0.71K,1.74%
06/26/2019,160.71,157.35,162.875,152.015,0.79K,2.56%
06/25/2019,156.7,155.85,157.45,152.015,1.39K,0.13%
06/24/2019,156.5,156.35,157.485,152.015,0.64K,-0.40%
06/22/2019,157.125,157.125,157.125,157.125,,0.56%
06/21/2019,156.25,155.88,157.47,155.65,1.26K,0.00%
06/20/2019,156.25,157.125,157.73,152.015,0.68K,0.00%
06/19/2019,156.25,155.8,157.485,152.015,0.52K,0.55%
06/18/2019,155.4,155.8,157.41,151.94,1.82K,-0.54%
06/17/2019,156.25,156,157.505,152.015,1.33K,0.10%
06/15/2019,156.09,156.09,156.09,156.09,,0.70%
06/14/2019,155,151.5,156.18,151.5,0.56K,1.81%
06/13/2019,152.25,150.38,153.52,150.38,0.61K,0.96%
06/12/2019,150.8,151.9,152.25,150.25,0.44K,0.00%
06/11/2019,150.8,149.05,152.26,149.05,0.57K,-0.30%
06/10/2019,151.25,150.5,151.685,148.375,0.21K,2.02%
06/08/2019,148.25,148.25,148.25,148.25,,0.17%
06/07/2019,148,146.95,150.925,146.95,0.01K,-1.83%
06/06/2019,150.755,146.95,150.98,146.875,0.01K,-0.09%
06/05/2019,150.885,146.95,151.26,146.95,0.02K,2.06%
06/04/2019,147.84,146.85,148.54,146.85,0.01K,0.16%
06/03/2019,147.6,147.35,148.52,146.775,0.02K,0.37%
06/01/2019,147.06,147.06,147.06,147.06,,0.31%
05/31/2019,146.6,147.15,148.77,146.49,0.04K,-2.78%
05/30/2019,150.795,148.9,151.285,147.15,1.17K,0.03%
05/29/2019,150.75,148.65,151.72,148.495,1.55K,-0.50%
05/28/2019,151.5,148.9,151.78,148.495,1.14K,0.41%
05/27/2019,150.875,151.75,151.8,148.15,0.87K,-0.49%
05/25/2019,151.625,151.625,151.625,151.625,,-0.08%
05/24/2019,151.75,150.8,152.185,148.495,0.43K,0.66%
05/23/2019,150.75,151.25,152.385,148.495,0.56K,-0.66%
05/22/2019,151.75,151.25,152.385,148.495,0.74K,0.17%
05/21/2019,151.5,146.77,152.535,146.74,0.28K,2.51%
05/20/2019,147.79,143.93,151,143.93,0.26K,-0.58%
05/18/2019,148.65,148.65,148.65,148.65,,0.78%
05/17/2019,147.5,140.95,148.655,140.56,0.28K,1.28%
05/16/2019,145.64,140.95,146.5,140.95,0.63K,3.11%
05/15/2019,141.25,140.95,141.69,140.95,0.80K,-0.07%
05/14/2019,141.35,140.95,141.685,140.95,0.61K,0.07%
05/13/2019,141.25,140.95,141.655,140.95,0.72K,-0.26%
05/11/2019,141.625,141.625,141.625,141.625,,0.27%
05/10/2019,141.25,140.7,141.675,140.7,1.02K,0.00%
05/09/2019,141.25,140.7,141.955,140.7,1.23K,0.04%
05/08/2019,141.2,141.5,141.605,140.7,1.26K,0.14%
05/07/2019,141,141.5,141.605,140.75,1.25K,0.00%
05/06/2019,141,140.9,141.65,140.75,0.70K,-0.32%
05/04/2019,141.45,141.45,141.45,141.45,,0.39%
05/03/2019,140.9,140.9,141.63,140.9,0.65K,-0.07%
05/02/2019,141,140.95,141.655,140.875,0.66K,-0.21%
05/01/2019,141.3,140.95,141.67,140.95,0.59K,0.00%
04/30/2019,141.3,140.95,141.74,140.925,0.80K,0.04%
04/29/2019,141.25,140.95,141.67,140.95,0.29K,-0.28%
04/27/2019,141.65,141.65,141.65,141.65,,0.25%
04/26/2019,141.3,140.95,141.66,140.95,0.62K,0.02%
04/25/2019,141.27,140.95,142.2,140.95,0.95K,0.05%
04/24/2019,141.2,140.95,141.665,140.95,1.40K,-0.08%
04/23/2019,141.32,140.97,141.715,140.95,1.41K,0.00%
04/22/2019,141.32,141.675,141.68,140.97,1.43K,-0.02%
04/21/2019,141.35,141.675,141.675,141.675,,-0.23%
04/20/2019,141.675,141.675,141.675,141.675,,0.23%
04/19/2019,141.35,140.95,141.68,140.95,1.80K,0.02%
04/18/2019,141.32,141.66,141.715,140.95,1.46K,0.00%
04/17/2019,141.32,141.05,141.69,140.825,0.91K,0.00%
04/16/2019,141.32,141.35,141.7,140.78,1.08K,0.00%
04/15/2019,141.32,141.675,141.985,140.95,0.91K,-0.13%
04/13/2019,141.5,141.5,141.5,141.5,,0.00%
04/12/2019,141.5,141.37,142.16,141.37,0.84K,-0.11%
04/11/2019,141.65,141.27,141.65,141.27,1.25K,0.02%
04/10/2019,141.625,141.175,141.675,141.175,1.12K,0.00%
04/09/2019,141.625,141.575,141.725,139.625,1.26K,0.02%
04/08/2019,141.6,141,141.7,139.3,0.96K,0.11%
04/06/2019,141.45,141.45,141.45,141.45,,0.00%
04/05/2019,141.45,141.55,141.83,139.8,1.03K,-0.09%
04/04/2019,141.575,140.575,141.825,139.675,1.29K,-0.05%
04/03/2019,141.65,140.25,141.8,139.6,0.99K,0.96%
04/02/2019,140.3,141.1,141.45,139.65,0.91K,-0.39%
04/01/2019,140.85,140.75,141.04,138.55,0.99K,0.04%
03/30/2019,140.8,140.8,140.8,140.8,,0.00%
03/29/2019,140.8,139.3,140.9,139.3,1.87K,0.16%
03/28/2019,140.575,139.375,140.625,139.085,1.82K,0.00%
03/27/2019,140.575,139.375,140.625,139.375,1.97K,-0.02%
03/26/2019,140.6,140.6,140.63,139.3,1.38K,0.00%
03/25/2019,140.6,139.3,140.65,139.1,1.24K,0.70%
03/23/2019,139.625,139.625,139.625,139.625,,-0.45%
03/22/2019,140.25,139.05,140.9,139.05,1.29K,0.05%
03/21/2019,140.175,138.925,140.455,138.825,1.27K,0.03%
03/20/2019,140.135,140.065,140.815,138.865,0.55K,0.02%
03/19/2019,140.1,138.9,140.81,138.9,1.44K,0.02%
03/18/2019,140.075,139.225,140.815,138.925,0.82K,0.16%
03/16/2019,139.85,139.85,139.85,139.85,,0.00%
03/15/2019,139.85,138.85,140.35,138.85,1.39K,0.00%
03/14/2019,139.85,138.63,140.81,138.63,1.88K,-0.02%
03/13/2019,139.875,138.425,139.955,138.425,1.58K,0.00%
03/12/2019,139.875,138.425,139.925,138.425,1.49K,0.10%
03/11/2019,139.735,139.015,139.865,138.365,0.72K,-0.01%
03/09/2019,139.75,139.75,139.75,139.75,,0.00%
03/08/2019,139.75,139.9,140.51,138.45,0.89K,-0.05%
03/07/2019,139.825,139.775,139.835,138.395,0.88K,0.02%
03/06/2019,139.8,139.8,139.8,138.42,0.78K,0.00%
03/05/2019,139.8,139.72,140.83,138.4,1.82K,0.03%
03/04/2019,139.76,138.89,140.14,138.49,1.09K,0.82%
03/02/2019,138.625,138.625,138.625,138.625,,0.00%
03/01/2019,138.625,139.055,139.375,137.485,0.86K,-0.87%
02/28/2019,139.84,139.81,140.16,138.31,0.78K,0.01%
02/27/2019,139.825,139.825,140.325,138.925,0.77K,0.81%
02/26/2019,138.7,139,139.4,137.75,0.41K,-0.77%
02/25/2019,139.775,139.675,140.025,136.675,0.49K,0.04%
02/23/2019,139.725,139.725,139.725,139.725,,0.00%
02/22/2019,139.725,139.875,140.815,138.405,0.47K,-0.05%
02/21/2019,139.8,140,140.82,138.35,1.30K,-0.07%
02/20/2019,139.9,139.85,140.02,138.35,1.28K,0.02%
02/19/2019,139.875,139.425,140.025,138.525,1.38K,0.16%
02/18/2019,139.65,140.15,140.15,138.55,0.88K,0.49%
02/16/2019,138.975,138.975,138.975,138.975,,-0.66%
02/15/2019,139.9,139.9,139.98,138.4,0.57K,0.65%
02/14/2019,139,139.55,139.55,138.15,0.70K,-0.64%
02/13/2019,139.9,139.7,139.95,138.5,0.81K,0.07%
02/12/2019,139.8,139.8,140.08,138.6,1.07K,0.00%
02/11/2019,139.8,139.4,140.1,138.58,0.55K,0.14%
02/09/2019,139.6,139.6,139.6,139.6,,0.00%
02/08/2019,139.6,139.55,140,138.23,0.83K,0.02%
02/07/2019,139.575,139.525,139.625,138.205,1.39K,0.02%
02/06/2019,139.55,139.65,139.65,138.23,1.87K,-0.04%
02/05/2019,139.6,139.6,140.02,138.81,1.48K,0.00%
02/04/2019,139.6,139.45,140.02,138.29,0.88K,0.05%
02/02/2019,139.525,139.525,139.525,139.525,,0.00%
02/01/2019,139.525,139.075,139.685,138.255,0.98K,0.16%
01/31/2019,139.3,140.17,140.53,138.3,1.30K,-0.31%
01/30/2019,139.735,139.865,140.095,138.335,1.45K,-0.05%
01/29/2019,139.8,139.8,139.9,138.27,1.53K,0.00%
01/28/2019,139.8,139.95,140.07,138.4,1.68K,-0.05%
01/26/2019,139.875,139.875,139.875,139.875,,0.00%
01/25/2019,139.875,139.875,139.955,138.225,0.98K,0.00%
01/24/2019,139.875,139.875,139.995,138.425,1.13K,0.00%
01/23/2019,139.875,139.875,140.245,138.455,1.47K,0.00%
01/22/2019,139.875,139.825,140.365,138.515,1.60K,0.02%
01/21/2019,139.85,139.13,139.98,138.41,0.64K,-0.02%
01/19/2019,139.88,139.88,139.88,139.88,,0.00%
01/18/2019,139.88,139.88,139.97,138.35,1.83K,0.00%
01/17/2019,139.88,139.89,139.99,135.44,1.63K,0.00%
01/16/2019,139.885,139.885,139.965,138.425,1.34K,0.00%
01/15/2019,139.885,139.845,140.915,138.445,0.09K,0.01%
01/14/2019,139.865,139.885,139.985,138.385,,-0.01%
01/12/2019,139.875,139.875,139.875,139.875,,0.00%
01/11/2019,139.875,139.875,140.235,138.275,1.86K,0.00%
01/10/2019,139.875,139.875,140.925,138.325,1.11K,0.00%
01/09/2019,139.875,139.875,139.975,138.355,0.02K,0.00%
01/08/2019,139.875,139.825,139.975,138.365,0.16K,0.02%
01/07/2019,139.85,139.85,140,138.4,0.05K,0.00%
01/05/2019,139.85,139.85,139.85,139.85,,0.00%
01/04/2019,139.85,139.85,140,135.37,1.92K,0.00%
01/03/2019,139.85,139.85,140.04,138.35,1.50K,0.00%
01/02/2019,139.85,139.75,140.05,138.3,0.16K,0.04%
01/01/2019,139.8,139.8,139.8,139.8,0.11K,0.00%
